Timestamp,Worker,Campaign,Language,Correct,User,The provided translation inaccurately conveys the meaning of the spoken content in the video.,The translated words are easy to understand in the new language.,The translation appropriately considers cultural nuances and sensitivities evident in the spoken content.,The provided translation accurately conveys the meaning of the spoken content in the video.,Provide specific suggestions for improving the transcriptions and translations.
2024-01-28 18:19:13.771807,Pearl,test_camp,Urdu,10.0,0.0,1,2,3,3,
2024-01-28 17:37:37.205950,Emil,test_camp,,8.0,0.0,1,1,1,1,
2024-01-28 18:44:40.513648,Erling,test_camp,,3.0,0.0,2,2,3,3,
2024-01-28 18:21:31.332039,Swapnil,test_camp,,10.0,0.0,1,2,3,3,
2024-01-28 17:43:53.266947,Jennifer,test_camp,,13.0,0.0,1,2,3,2,
2024-01-28 18:26:50.785611,Swara,test_camp,Hindi,18.0,0.0,1,2,3,3,
2024-01-28 17:51:05.562292,Arjun,test_camp,,9.0,0.0,1,2,1,2,
2024-01-28 18:09:33.296222,Sean,test_camp,Urdu,13.0,0.0,1,2,2,3,
2024-01-28 17:16:28.076731,abcs,test_camp,,,,2,0,0,0,
2024-01-28 17:45:38.787954,Dean,test_camp,German,11.0,0.0,1,3,2,3,
2024-01-28 17:31:04.107700,Hannah,test_camp,Hindi,7.0,0.0,1,2,3,4,
2024-01-28 16:43:23.519307,yufarooqi,test_camp,Urdu,,,1,3,2,4,
2024-01-28 17:47:56.139823,Aarav,test_camp,Hindi,16.0,0.0,1,2,3,4,
2024-01-28 17:23:25.286007,Bodhi,test_camp,Urdu,,,1,2,2,3,
2024-01-28 18:14:44.548920,Mayra,test_camp,Hindi,8.0,0.0,1,2,2,3,
2024-01-28 16:56:11.244133,Ben,test_camp,Hindi,,,1,2,3,4,
2024-01-28 18:35:34.267317,Niti,test_camp,German,3.0,0.0,1,1,2,2,
2024-01-28 15:16:57.680915,yufarooqi,test_camp,,,,2,2,2,4,Better
2024-01-28 18:13:04.567974,Hazel,test_camp,Urdu,13.0,0.0,1,3,3,3,
2024-01-28 17:29:14.261122,Emma,test_camp,,6.0,0.0,1,2,3,4,
2024-01-28 18:16:12.550610,Saira,test_camp,Urdu,17.0,0.0,1,2,3,1,
2024-01-28 18:30:01.173077,Nancy,test_camp,Urdu,18.0,0.0,1,2,1,3,
2024-01-28 17:50:02.132982,Opal,test_camp,German,12.0,0.0,1,2,2,2,
2024-01-28 18:10:32.435644,Taisa,test_camp,,15.0,0.0,1,2,3,1,
2024-01-28 17:06:20.807482,abcs,test_camp,Hindi,,,1,1,2,1,
2024-01-28 18:20:23.831981,Benjamin,test_camp,German,10.0,0.0,1,2,3,3,
2024-01-28 17:41:46.418339,Nia,test_camp,Urdu,16.0,0.0,1,2,4,3,
2024-01-28 18:25:43.741099,Joffe,test_camp,Hindi,15.0,0.0,1,1,2,2,
2024-01-28 18:22:42.349948,Cooper,test_camp,Urdu,16.0,0.0,1,2,3,3,
2024-01-28 18:03:38.045282,Sana,test_camp,,12.0,0.0,1,1,1,1,
2024-01-28 15:20:24.387397,yufarooqi,test_camp,,,,3,2,1,5,
2024-01-28 18:34:11.509272,Tamil,test_camp,Hindi,7.0,0.0,1,1,1,1,
2024-01-28 17:34:35.181414,Paul,test_camp,Urdu,19.0,0.0,1,1,1,1,
2024-01-28 17:48:59.387016,Reyansh,test_camp,Hindi,8.0,0.0,1,2,2,3,
2024-01-28 17:24:51.234305,Ella,test_camp,,,,1,3,3,4,
2024-01-28 18:36:43.742639,Mable,test_camp,Urdu,13.0,0.0,1,2,2,3,
2024-01-28 18:24:14.520098,Keanu,test_camp,German,13.0,0.0,1,2,2,2,
2024-01-28 18:17:10.110209,Soumi,test_camp,German,11.0,0.0,1,1,2,3,
2024-01-28 16:45:57.803099,yufarooqi,test_camp,German,,,1,2,3,4,
2024-01-28 18:31:43.018113,Kanrar,test_camp,Hindi,12.0,0.0,1,2,2,3,
2024-01-28 17:58:43.344812,Vihaan,test_camp,,9.0,0.0,1,1,1,1,
2024-01-28 18:02:47.657623,Nirav,test_camp,German,2.0,0.0,1,2,3,2,
2024-01-28 17:46:50.359393,Lila,test_camp,,6.0,0.0,1,2,2,3,
2024-01-28 18:12:01.778796,Neo,test_camp,,4.0,0.0,1,2,3,1,
2024-01-28 17:53:58.678930,Asha,test_camp,,18.0,0.0,1,1,2,2,
2024-01-28 18:37:53.520675,Rufus,test_camp,Urdu,13.0,0.0,1,2,2,3,
2024-01-28 17:59:57.923287,Faruk,test_camp,Urdu,16.0,0.0,1,2,3,4,
2024-01-28 17:32:23.397106,Leon,test_camp,German,4.0,0.0,1,2,3,2,
2024-01-28 15:22:18.716120,yufarooqi,test_camp,German,,,2,1,4,1,
2024-01-28 18:38:50.048922,Wesley,test_camp,Hindi,5.0,0.0,1,2,2,2,
2024-01-28 16:40:06.452687,yufarooqi,test_camp,German,,,2,1,3,3,
2024-01-28 18:28:43.204344,Sam,test_camp,,13.0,0.0,1,2,3,4,
2024-01-28 16:30:14.272903,yufarooqi,test_camp,Urdu,,,3,1,1,2,
2024-01-28 16:53:15.927924,rasaxena,test_camp,Urdu,,,1,3,3,4,
2024-01-28 18:32:55.493754,Srinivas,test_camp,Urdu,6.0,0.0,1,2,2,3,
2024-01-28 16:38:39.568388,yufarooqi,test_camp,Urdu,,,1,3,2,3,
2024-01-28 16:44:28.382450,yufarooqi,test_camp,Hindi,,,1,3,3,4,
