Registered_Timestamp,Finished_Timestamp,Worker,Campaign,Payment_Code
2024-01-28 15:19:32.497672,2024-01-28 15:20:26.379099,yufarooqi,test_camp,37f78ed0f35cfe79b8d38e7803aa545281938e3b35319e67ce2665b6793d586e
2024-01-28 17:47:12.650351,2024-01-28 17:47:58.659737,Aarav,test_camp,0dc4696c9b733a3c31196bcf706bd319803ef2c38a493c912647a37a103166c9
2024-01-28 18:35:55.640715,2024-01-28 18:36:47.888142,Mable,test_camp,f4ed2caea879e5a16685127d55287216f5161e9c5390f34c99f1007e4b1462c3
2024-01-28 18:16:31.432301,2024-01-28 18:17:12.133744,Soumi,test_camp,536b741b9e65e08899c4ee4af468ae0e058be044c6f9a02049aff03e26f12622
2024-01-28 18:34:47.161559,2024-01-28 18:35:36.247764,Niti,test_camp,bd1defa1293cea79d390a459082f047c8ee21087a7a7520224efe255de62d348
2024-01-28 17:31:29.760311,2024-01-28 17:32:25.200728,Leon,test_camp,6f0747329f2a5c4aec4f172a0525cf9a18b36fcc8084cd5a0cc8ececc770d260
2024-01-28 17:57:59.730126,2024-01-28 17:58:45.399486,Vihaan,test_camp,41b735b40aa725a31b20d546856c0d632d2d12977bd23c39c94551cbc3e906c9
2024-01-28 15:21:47.475359,2024-01-28 15:22:20.540615,yufarooqi,test_camp,37f78ed0f35cfe79b8d38e7803aa545281938e3b35319e67ce2665b6793d586e
2024-01-28 18:19:36.927455,2024-01-28 18:20:25.898124,Benjamin,test_camp,ea9fd5318543be8ea3097c944a5e0d5653d4539e3e292a42dd411fde9608c78d
2024-01-28 18:23:13.736712,2024-01-28 18:24:16.469009,Keanu,test_camp,2d1902f46fb97c32f6f6250fd7491f00604fc605401a11cb23324e422939ff95
2024-01-28 16:42:18.084942,2024-01-28 16:43:27.471474,yufarooqi,test_camp,37f78ed0f35cfe79b8d38e7803aa545281938e3b35319e67ce2665b6793d586e
2024-01-28 18:15:27.433189,2024-01-28 18:16:14.512367,Saira,test_camp,890b1408e59310c134594c1b0da2d13e460ed3994f521f1351dd68e99ef9e17c
2024-01-28 17:18:05.298836,2024-01-28 17:23:27.657300,Bodhi,test_camp,cf0277531cb0e9bf7f9cf87c8a1817530e724a61d36afbf72ad8fd855f542800
2024-01-28 17:05:51.116178,2024-01-28 17:06:23.072682,abcs,test_camp,d061e334bf3798d0938db7cbb5f26ecdbe1861f2072537e6fe3041274111fb8c
2024-01-28 18:33:35.794155,2024-01-28 18:34:13.603461,Tamil,test_camp,4d77718f40c32feed2a020158504525219a365b42cede98492761a79d302e3c6
2024-01-28 18:39:27.041409,2024-01-28 18:44:42.165284,Erling,test_camp,aa227ee080efa98a6a731ae6302f12f5f70da9534469a271d3b45f87fa015800
2024-01-28 16:51:17.253367,2024-01-28 16:53:18.160335,rasaxena,test_camp,c32ed0c8e7c5f956d26a34659b926f2f0dd6929dd5a8d8b0bfeba571307bf42f
2024-01-28 17:49:24.180296,2024-01-28 17:50:04.360460,Opal,test_camp,3d509f47dd21a57ea7664687f41732d3843005aa66184aa9a93f97307e66bc95
2024-01-28 17:48:20.614624,2024-01-28 17:49:01.798492,Reyansh,test_camp,1176ec4d11af940deb47357009db2a2143937429311b4e066f8f7bc2d01d28c3
2024-01-28 17:39:28.204098,2024-01-28 17:41:48.507108,Nia,test_camp,66989311d5b8e429a296c9eccaaf42709cd93640607038e9c21344a54250e5a9
2024-01-28 18:08:28.319328,2024-01-28 18:09:35.310151,Sean,test_camp,8533b0bdf4f22bd0df4ad510ea7c5ba464c33a7076e1af4493c765b46c0434da
2024-01-28 18:09:56.033354,2024-01-28 18:10:35.038133,Taisa,test_camp,0dec4cea6f6e239705285f1fedd698401de6f0aa12656f529f526ad4e4579e4d
2024-01-28 18:29:08.314860,2024-01-28 18:30:03.987081,Nancy,test_camp,d3523e811ef7b7f730d489db1052f8c9cb8dc5acaa25d275e3d05ff6ca9d039f
2024-01-28 17:28:27.236141,2024-01-28 17:29:16.346687,Emma,test_camp,65821a47cc6f5031b8496e505c60879c7d5fa9fa3ff67811783ec45241383dfe
2024-01-28 17:50:24.800921,2024-01-28 17:51:07.333250,Arjun,test_camp,3e3a8b6e8c492153353896765c9667c5638f6df4cf01137b79f96d2e19d9f9ed
2024-01-28 18:21:59.960745,2024-01-28 18:22:44.119534,Cooper,test_camp,c03df7c8daf0c60d85347409221a1fd0915ce1aca0496a5503737980a106c830
2024-01-28 16:44:39.642124,2024-01-28 16:46:00.246926,yufarooqi,test_camp,37f78ed0f35cfe79b8d38e7803aa545281938e3b35319e67ce2665b6793d586e
2024-01-28 18:30:48.462614,2024-01-28 18:31:45.809835,Kanrar,test_camp,dc4c275a27a97fad335d09feb3b90cf88f3a3789b59789a18d2246b1166ccc6b
2024-01-28 18:28:11.174568,2024-01-28 18:28:44.773414,Sam,test_camp,245711abb6f62ada67853dd2b907ba867b80147d41de006af5c9f9fe27444e3d
2024-01-28 17:16:07.340048,2024-01-28 17:16:29.851292,abcs,test_camp,d061e334bf3798d0938db7cbb5f26ecdbe1861f2072537e6fe3041274111fb8c
2024-01-28 16:34:55.216011,2024-01-28 16:38:42.155434,yufarooqi,test_camp,37f78ed0f35cfe79b8d38e7803aa545281938e3b35319e67ce2665b6793d586e
2024-01-28 17:30:23.821659,2024-01-28 17:31:06.265518,Hannah,test_camp,dc54c87b3f7799a5ed3b1834e53a501ad466d9af2a9a2273eb3b4ba86d47b693
2024-01-28 16:53:44.190774,2024-01-28 16:56:13.222403,Ben,test_camp,3ecd4660cbd97ad543fe6cbf2469c9e445f0e4fabaa6b19ad71a29ab1850f416
2024-01-28 17:37:05.809439,2024-01-28 17:37:40.166996,Emil,test_camp,44863f3b940783f7c5cc28d7cdfec8ea29abcb4ecaadb1f59d32ce763bbec027
2024-01-28 17:34:01.193799,2024-01-28 17:34:38.896367,Paul,test_camp,88ccb4a6b01dabffde02417bfe7b641a08cb4934da2e5d5638fb4c3f5d968ce4
2024-01-28 18:32:16.473082,2024-01-28 18:32:57.589148,Srinivas,test_camp,4bd6bdcd602a118dc36d83a1448a1876b0ba0b7df1b67c4285be0a43a8b3148c
2024-01-28 17:42:15.919388,2024-01-28 17:43:57.763108,Jennifer,test_camp,f08a2a48728407bb898aa864bdb8c4a4d421abc4786ade8b956395d5588936af
2024-01-28 18:37:13.128897,2024-01-28 18:37:55.711287,Rufus,test_camp,94f1fc21a01d133e6bb4a4018550d9f9d4ae393e482b7fe26c10bcbecb2bcdb6
2024-01-28 17:59:10.352690,2024-01-28 17:59:59.770747,Faruk,test_camp,d721af47915d30e8d90d0bcb8360feb26a360fb5fdfa398e73d5436893de71b9
2024-01-28 18:12:21.100653,2024-01-28 18:13:06.233765,Hazel,test_camp,db71bdb334e102dac30d85e74432efcbd7fd33f71314a716652e8e28adca4dfe
2024-01-28 18:38:15.597393,2024-01-28 18:38:51.928360,Wesley,test_camp,4497d0e75705801da9b5e8c4c2ae3ff72e6ecf0735fd3246ae2a2ab6e27ed46c
2024-01-28 15:15:57.196032,2024-01-28 15:16:59.801576,yufarooqi,test_camp,37f78ed0f35cfe79b8d38e7803aa545281938e3b35319e67ce2665b6793d586e
2024-01-28 17:44:19.896375,2024-01-28 17:45:41.207366,Dean,test_camp,2e19eb66b5cb9def622c403595f1f3dcb4f10326d16c125c19d948cc2e35f1b8
2024-01-28 16:26:02.091041,2024-01-28 16:30:21.331397,yufarooqi,test_camp,37f78ed0f35cfe79b8d38e7803aa545281938e3b35319e67ce2665b6793d586e
2024-01-28 18:13:28.640258,2024-01-28 18:14:46.380640,Mayra,test_camp,95fdb5f874c2ab1a1133b4a4498c5063f0e2781a788e902fea1c5abe5fbb8ca9
2024-01-28 16:39:04.035177,2024-01-28 16:40:08.451738,yufarooqi,test_camp,37f78ed0f35cfe79b8d38e7803aa545281938e3b35319e67ce2665b6793d586e
2024-01-28 18:18:20.354050,2024-01-28 18:19:15.387615,Pearl,test_camp,35002d01f57764f5789151c6f10b78ef128315ef6ab86bf2b09ea72e5a195bf8
2024-01-28 18:00:14.357918,2024-01-28 18:02:49.447120,Nirav,test_camp,c77db27d329b2472454caf6430011ad1739b76129a473b27d48819951a375145
2024-01-28 18:24:41.118394,2024-01-28 18:25:45.729160,Joffe,test_camp,68c81d921cd5fb404d4183026e32da0df4779ddf35f667f95b402244859a80c5
2024-01-28 17:52:57.795519,2024-01-28 17:54:00.743908,Asha,test_camp,d52dfbc788f3d3e97a19dfb312f60cbae38b4ccf0f6ad454ea4c1faeb08d893c
